{
  "InputAlias": "devicemanager",
  "Type": "Data Stream",
  "Format": "Json",
  "FilePath": "E:\\t\\MNT\\MntIoTPrototype\\bin\\measurement.json",
  "Sample": "{\r\n  \"deviceid\": \"amtij\",\r\n  \"timestamp\": \"2018-10-30T17:05:03.001Z\",\r\n  \"location\": {\r\n    \"x\": 24.49264,\r\n    \"y\": 59.24083,\r\n    \"z\": 52.0,\r\n    \"srs\": \"EPSG:4326\"\r\n  },\r\n  \"data\": {\r\n    \"WS.MINIMUM.PT10M.WMT700_1\": 0.203125,\r\n    \"WD.MINIMUM.PT10M.WMT700_1\": 347.0,\r\n    \"ST.VALUE.PT1S.WMT700_1\": \"0.0\",\r\n    \"wind_speed_max\": 6.8984375,\r\n    \"wind_dir\": 130.0,\r\n    \"wind_speed\": 2.4571875,\r\n    \"WD.MAXIMUM.PT10M.WMT700_1\": 311.0,\r\n    \"WGD.VALUE.PT10M.WMT700_1\": 152.0,\r\n    \"air_temp\": 1.6716666666666666,\r\n    \"TA.MINIMUM.P1D.HMP155_1\": -2.1616666666666666,\r\n    \"air_humidity\": 90.61999999999999,\r\n    \"TA.MAXIMUM.P1D.HMP155_1\": 1.6933333333333334,\r\n    \"ST.VALUE.PT10S.HMP155_1\": \"300.0\",\r\n    \"TFP.MEAN.PT1M.HMP155_1\": 0.255,\r\n    \"wet_bulb_temp\": 1.1133333333333335,\r\n    \"MRT.MEAN.PT1M.HMP155_1\": 3.875,\r\n    \"HCS.VALUE.PT1S.SYSSTATUS_1\": \"0.0\",\r\n    \"STATUS.VALUE.PT1S.SYSSTATUS_1\": null,\r\n    \"SST.VALUE.PT1M.DRS511_1\": \"22.0\",\r\n    \"CN.VALUE.PT1M.DRS511_1\": 339.3085831541232,\r\n    \"GE.VALUE.PT1M.DRS511_1\": 0.17810960669736117,\r\n    \"TSUBSURF.VALUE.PT1M.DRS511_1\": 2.59452,\r\n    \"road_temp\": 2.21658,\r\n    \"DRSCVL.VALUE.PT1M.DRS511_1\": 0.00017179622434607584,\r\n    \"TFL.VALUE.PT1M.DRS511_1\": -0.65913480834944727,\r\n    \"TF.VALUE.PT1M.DRS511_1\": -0.65913480834944727,\r\n    \"DRSCMES.VALUE.PT1M.DRS511_1\": 0.050043,\r\n    \"DRSFB.VALUE.PT1M.DRS511_1\": 182.459,\r\n    \"ST.VALUE.PT1M.DRS511_1\": \"0.0\",\r\n    \"BIF.VALUE.PT1M.DRS511_1\": 114.974,\r\n    \"DRSCVH.VALUE.PT1M.DRS511_1\": 0.0,\r\n    \"CVT.VALUE.PT1M.DRS511_1\": 1.9999963706634289E-05,\r\n    \"ENSST.VALUE.PT1M.DRS511_1\": \"1.0\",\r\n    \"DRSFS.VALUE.PT1M.DRS511_1\": 162.463,\r\n    \"DRSSMES.VALUE.PT1M.DRS511_1\": 0.01858,\r\n    \"WLT.VALUE.PT1M.DRS511_1\": 1.9999963706634289E-05,\r\n    \"DRSS.VALUE.PT1M.DRS511_1\": 0.0,\r\n    \"DRSC.VALUE.PT1M.DRS511_1\": 0.028737,\r\n    \"VHEAT.VALUE.PT1S.PMU701_1\": 23.8591,\r\n    \"VCHRBATTERY1.VALUE.PT1S.PMU701_1\": 13.8805,\r\n    \"V12OUT.VALUE.PT1S.PMU701_1\": 12.2939,\r\n    \"EXTDC.VALUE.PT1S.PMU701_1\": 0.0,\r\n    \"ICHRBATTERY1.VALUE.PT1S.PMU701_1\": 0.0,\r\n    \"BATTERYV.VALUE.PT1S.PMU701_1\": 13.791,\r\n    \"VSP.VALUE.PT1S.PMU701_1\": 0.0,\r\n    \"ICHRBATTERY2.VALUE.PT1S.PMU701_1\": 0.001099,\r\n    \"IHEAT.VALUE.PT1S.PMU701_1\": 0.380676,\r\n    \"I24OUT.VALUE.PT1S.PMU701_1\": 0.1073,\r\n    \"INTDC.VALUE.PT1S.PMU701_1\": 23.9074,\r\n    \"VCHRBATTERY2.VALUE.PT1S.PMU701_1\": 13.4885,\r\n    \"V24OUT.VALUE.PT1S.PMU701_1\": 23.8579\r\n  },\r\n  \"properties\": {}\r\n}",
  "ScriptType": "InputMock"
}